Name,Company,Location,Url
Consultant - Banque Privée F/H, Accenture,Paris,https://www.glassdoor.fr/partner/jobListing.htm?pos=101&ao=583864&s=58&guid=00000170838a00f38c3835ded9effbbb&src=GD_JOB_AD&t=SR&extid=1&exst=EL&ist=&ast=EL&vt=w&slr=true&cs=1_6225a076&cb=1582754824808&jobListingId=3467155075
Conseiller Clientèle Entreprises expérimenté(e) – IDF-(H/F), Crédit du Nord,Paris,https://www.glassdoor.fr/partner/jobListing.htm?pos=102&ao=908938&s=58&guid=00000170838a00f38c3835ded9effbbb&src=GD_JOB_AD&t=SR&extid=1&exst=EL&ist=&ast=EL&vt=w&slr=true&cs=1_0f9ffe51&cb=1582754824810&jobListingId=3471644952
Consultant(e) Banque, Sia Partners,Paris,https://www.glassdoor.fr/partner/jobListing.htm?pos=103&ao=914801&s=58&guid=00000170838a00f38c3835ded9effbbb&src=GD_JOB_AD&t=SR&extid=1&exst=EL&ist=&ast=EL&vt=w&slr=true&cs=1_d6186ac1&cb=1582754824811&jobListingId=3473756540
Comptable Clients / Fournisseurs Montreuil H/F, Petit Forestier,Montreuil,https://www.glassdoor.fr/partner/jobListing.htm?pos=104&ao=830983&s=58&guid=00000170838a00f38c3835ded9effbbb&src=GD_JOB_AD&t=SR&extid=1&exst=EL&ist=&ast=EL&vt=w&slr=true&cs=1_56bbcd35&cb=1582754824812&jobListingId=3477953738
Conseiller de Clientèle Privée – Neuilly sur Seine/Puteaux (92)-(H/F), Crédit du Nord,Neuilly,https://www.glassdoor.fr/partner/jobListing.htm?pos=105&ao=908938&s=58&guid=00000170838a00f38c3835ded9effbbb&src=GD_JOB_AD&t=SR&extid=1&exst=EL&ist=&ast=EL&vt=w&slr=true&cs=1_e5f15ed6&cb=1582754824813&jobListingId=3454199000
Alternance : Alternance - Chargé (e) d'Etudes Middle-Office Professionnels de l'Immobilier (h/f) BTP Banque, Groupe BPCE,Paris,https://www.glassdoor.fr/partner/jobListing.htm?pos=106&ao=172078&s=58&guid=00000170838a00f38c3835ded9effbbb&src=GD_JOB_AD&t=SR&extid=1&exst=EL&ist=&ast=EL&vt=w&slr=true&cs=1_c46125c6&cb=1582754824814&jobListingId=3501047473
Alternance : Alternance - Chargé (e) Vie Sociale (h/f) BTP Banque, Groupe BPCE,Paris,https://www.glassdoor.fr/partner/jobListing.htm?pos=107&ao=172078&s=58&guid=00000170838a00f38c3835ded9effbbb&src=GD_JOB_AD&t=SR&extid=1&exst=EL&ist=&ast=EL&vt=w&slr=true&cs=1_3af67fa0&cb=1582754824815&jobListingId=3501047494
Stage de fin d'études Consultant(e) Banque, Sia Partners,Paris,https://www.glassdoor.fr/partner/jobListing.htm?pos=108&ao=914801&s=58&guid=00000170838a00f38c3835ded9effbbb&src=GD_JOB_AD&t=SR&extid=1&exst=EL&ist=&ast=EL&vt=w&slr=true&cs=1_be317725&cb=1582754824815&jobListingId=3473756508
Consultant Banque/Assurance (h/f), Primexis,Paris,https://www.glassdoor.fr/partner/jobListing.htm?pos=109&ao=4120&s=58&guid=00000170838a00f38c3835ded9effbbb&src=GD_JOB_AD&t=SR&extid=1&exst=EL&ist=&ast=EL&vt=w&slr=true&ea=1&cs=1_acd7b702&cb=1582754824816&jobListingId=2938808177
Consultants F&R Finance & Comptabilité Banque H/F, Accenture,Paris,https://www.glassdoor.fr/partner/jobListing.htm?pos=110&ao=583864&s=58&guid=00000170838a00f38c3835ded9effbbb&src=GD_JOB_AD&t=SR&extid=1&exst=EL&ist=&ast=EL&vt=w&slr=true&cs=1_17558cf2&cb=1582754824817&jobListingId=3383118753
Alternance - Chargé (e) d'Etudes Middle-Office Professionnels de l'Immobilier (h/f) BTP Banque, Groupe Crédit Coopératif,Paris,https://www.glassdoor.fr/partner/jobListing.htm?pos=111&ao=437149&s=58&guid=00000170838a00f38c3835ded9effbbb&src=GD_JOB_AD&t=SR&extid=1&exst=EL&ist=&ast=EL&vt=w&slr=true&cs=1_bfb58b42&cb=1582754824818&jobListingId=3500332804
Consultant(e) Senior Banque, Sia Partners,Paris,https://www.glassdoor.fr/partner/jobListing.htm?pos=112&ao=914801&s=58&guid=00000170838a00f38c3835ded9effbbb&src=GD_JOB_AD&t=SR&extid=1&exst=EL&ist=&ast=EL&vt=w&slr=true&cs=1_48ecd2f8&cb=1582754824819&jobListingId=3473756532
ANALYSTE RISQUE DE CREDIT SECTEUR BANQUE ASSURANCE (H/F), Banque CIC,Paris,https://www.glassdoor.fr/partner/jobListing.htm?pos=113&ao=172078&s=58&guid=00000170838a00f38c3835ded9effbbb&src=GD_JOB_AD&t=SR&extid=1&exst=EL&ist=&ast=EL&vt=w&slr=true&cs=1_0cbe4179&cb=1582754824820&jobListingId=3436127108
Stage juridique Banque & Finance - Juillet, Allen and Overy,Paris,https://www.glassdoor.fr/partner/jobListing.htm?pos=114&ao=753382&s=58&guid=00000170838a00f38c3835ded9effbbb&src=GD_JOB_AD&t=SR&extid=1&exst=EL&ist=&ast=EL&vt=w&slr=true&cs=1_dd2c8a3e&cb=1582754824821&jobListingId=3297143204
Consultant Junior (H/F) - Maîtrise d’Ouvrage SI Banque/Finance Internationale, karbone,Paris,https://www.glassdoor.fr/partner/jobListing.htm?pos=115&ao=437149&s=58&guid=00000170838a00f38c3835ded9effbbb&src=GD_JOB_AD&t=SR&extid=1&exst=EL&ist=&ast=EL&vt=w&slr=true&ea=1&cs=1_16117805&cb=1582754824822&jobListingId=3153939477
ANALYSTE RISQUE DE CREDIT SECTEUR BANQUE ASSURANCE (H/F), Crédit Mutuel,Paris,https://www.glassdoor.fr/partner/jobListing.htm?pos=116&ao=172078&s=58&guid=00000170838a00f38c3835ded9effbbb&src=GD_JOB_AD&t=SR&extid=1&exst=EL&ist=&ast=EL&vt=w&slr=true&cs=1_b8acf570&cb=1582754824822&jobListingId=3436131024
Alternance - Chargé (e) Vie Sociale (h/f) BTP Banque, Groupe Crédit Coopératif,Paris,https://www.glassdoor.fr/partner/jobListing.htm?pos=117&ao=437149&s=58&guid=00000170838a00f38c3835ded9effbbb&src=GD_JOB_AD&t=SR&extid=1&exst=EL&ist=&ast=EL&vt=w&slr=true&cs=1_7d33a60a&cb=1582754824823&jobListingId=3498939199
Stage - Assistant(e) Analyste Engagements (h/f) BTP Banque, Groupe BPCE,Paris,https://www.glassdoor.fr/partner/jobListing.htm?pos=118&ao=172078&s=58&guid=00000170838a00f38c3835ded9effbbb&src=GD_JOB_AD&t=SR&extid=1&exst=EL&ist=&ast=EL&vt=w&slr=true&cs=1_931539c3&cb=1582754824824&jobListingId=3482758050
Responsable Pôle Presse Banque Assurance F/H, Sapiance RH,Paris,https://www.glassdoor.fr/partner/jobListing.htm?pos=119&ao=437149&s=58&guid=00000170838a00f38c3835ded9effbbb&src=GD_JOB_AD&t=SR&extid=1&exst=EL&ist=&ast=EL&vt=w&slr=true&cs=1_414a35ec&cb=1582754824825&jobListingId=3477964713
Consultant Financial Risk Management - F&R Banque - Paris - F/H, Accenture,Paris,https://www.glassdoor.fr/partner/jobListing.htm?pos=120&ao=583864&s=58&guid=00000170838a00f38c3835ded9effbbb&src=GD_JOB_AD&t=SR&extid=1&exst=EL&ist=&ast=EL&vt=w&slr=true&cs=1_cff09468&cb=1582754824826&jobListingId=3454379712
Directeur adjoint de centre d'affaires - H/F - CDI - BTP Banque - Paris Etoile, Groupe Crédit Coopératif,Paris,https://www.glassdoor.fr/partner/jobListing.htm?pos=121&ao=437149&s=58&guid=00000170838a00f38c3835ded9effbbb&src=GD_JOB_AD&t=SR&extid=1&exst=EL&ist=&ast=EL&vt=w&slr=true&cs=1_5ed9bd21&cb=1582754824827&jobListingId=3301361274
Chargé d'Affaires Entreprises - H/F - CDI - BTP Banque - Paris Italie, Groupe BPCE,Paris,https://www.glassdoor.fr/partner/jobListing.htm?pos=122&ao=172078&s=58&guid=00000170838a00f38c3835ded9effbbb&src=GD_JOB_AD&t=SR&extid=1&exst=EL&ist=&ast=EL&vt=w&slr=true&cs=1_ab8dfe69&cb=1582754824828&jobListingId=3438740531
CHARGÉ D'ASSISTANCE BANQUE EN LIGNE H/F, Expectra,Paris,https://www.glassdoor.fr/partner/jobListing.htm?pos=123&ao=437149&s=58&guid=00000170838a00f38c3835ded9effbbb&src=GD_JOB_AD&t=SR&extid=1&exst=EL&ist=&ast=EL&vt=w&slr=true&cs=1_a9b45b34&cb=1582754824829&jobListingId=3452091073
Test Manager H/F #Banque #Assurance, S'team,Levallois-Perret,https://www.glassdoor.fr/partner/jobListing.htm?pos=124&ao=938330&s=58&guid=00000170838a00f38c3835ded9effbbb&src=GD_JOB_AD&t=SR&extid=1&exst=EL&ist=&ast=EL&vt=w&slr=true&cs=1_55bf3732&cb=1582754824830&jobListingId=3471437345
Gestionnaire Clientèle - H/F - CDI - BTP Banque - Paris Etoile, Groupe Crédit Coopératif,Paris,https://www.glassdoor.fr/partner/jobListing.htm?pos=125&ao=437149&s=58&guid=00000170838a00f38c3835ded9effbbb&src=GD_JOB_AD&t=SR&extid=1&exst=EL&ist=&ast=EL&vt=w&slr=true&cs=1_982bbefd&cb=1582754824831&jobListingId=3475107335
Gestionnaire Clientèle - H/F - CDI - BTP Banque LYON, BPCE,Paris,https://www.glassdoor.fr/partner/jobListing.htm?pos=126&ao=437149&s=58&guid=00000170838a00f38c3835ded9effbbb&src=GD_JOB_AD&t=SR&extid=1&exst=EL&ist=&ast=EL&vt=w&slr=true&cs=1_3a4a158d&cb=1582754824831&jobListingId=3504938225
Alternance - Chargé (e) d'Etudes Middle-Office Professionnels de l'Immobilier (h/f) BTP Banque, BPCE,Paris,https://www.glassdoor.fr/partner/jobListing.htm?pos=127&ao=437149&s=58&guid=00000170838a00f38c3835ded9effbbb&src=GD_JOB_AD&t=SR&extid=1&exst=EL&ist=&ast=EL&vt=w&slr=true&cs=1_7fd2e61c&cb=1582754824832&jobListingId=3499216612
"Stage ""Chargé(e) de mission stratégie de la Banque des Territoires H/F"" (6 mois)", Caisse des Dépôts et Consignations,Paris,https://www.glassdoor.fr/partner/jobListing.htm?pos=128&ao=4120&s=58&guid=00000170838a00f38c3835ded9effbbb&src=GD_JOB_AD&t=SR&extid=1&exst=EL&ist=&ast=EL&vt=w&slr=true&cs=1_3fcdaf78&cb=1582754824833&jobListingId=3421873538
Consultant EPM - F&R Finance & Comptabilité - Banque F/H, Accenture,Paris,https://www.glassdoor.fr/partner/jobListing.htm?pos=129&ao=583864&s=58&guid=00000170838a00f38c3835ded9effbbb&src=GD_JOB_AD&t=SR&extid=1&exst=EL&ist=&ast=EL&vt=w&slr=true&cs=1_1d92c5f6&cb=1582754824834&jobListingId=3454379710
Chargé d'Affaires Entreprises - H/F - CDI - BTP Banque - Paris Etoile, Groupe BPCE,Paris,https://www.glassdoor.fr/partner/jobListing.htm?pos=130&ao=172078&s=58&guid=00000170838a00f38c3835ded9effbbb&src=GD_JOB_AD&t=SR&extid=1&exst=EL&ist=&ast=EL&vt=w&slr=true&cs=1_f1320866&cb=1582754824834&jobListingId=3463327803
